{"recall": 0.090985840007283, "_timestamp": 1712230897.8115187, "_runtime": 410.4470806121826, "_step": 199, "ndcg": 0.08607716529345039, "precision": 0.05567880794701987, "map": 0.026750777708460134, "_wandb": {"runtime": 410}}