{"recall": 0.07516913497870206, "_timestamp": 1712269566.8813875, "_runtime": 560.3750445842743, "_step": 199, "ndcg": 0.07050884738051767, "precision": 0.048493377483443706, "map": 0.019715486911517484, "_wandb": {"runtime": 560}}