{"recall": 0.1289398296628713, "_timestamp": 1712160864.6941283, "_runtime": 348.3856053352356, "_step": 199, "ndcg": 0.10559262561467776, "precision": 0.06346854304635763, "map": 0.035285623265632095, "_wandb": {"runtime": 348}}