{"recall": 0.11950543237360503, "_timestamp": 1712171247.6928618, "_runtime": 246.99239587783813, "_step": 199, "ndcg": 0.1001809472583359, "precision": 0.06157284768211921, "map": 0.032944996390685086, "_wandb": {"runtime": 246}}