{"recall": 0.13962607296790294, "_timestamp": 1712147769.5784404, "_runtime": 241.2297284603119, "_step": 199, "ndcg": 0.10836290925003587, "precision": 0.06305463576158941, "map": 0.037326962292221585, "_wandb": {"runtime": 241}}