{"recall": 0.1291310609496145, "_timestamp": 1712193775.0817962, "_runtime": 509.64127016067505, "_step": 199, "ndcg": 0.10566212985537796, "precision": 0.0634519867549669, "map": 0.03525329376020956, "_wandb": {"runtime": 509}}