{"recall": 0.1446369849785032, "_timestamp": 1712212677.5286324, "_runtime": 525.4673035144806, "_step": 199, "ndcg": 0.11230439415437087, "precision": 0.06457781456953643, "map": 0.03926143117879808, "_wandb": {"runtime": 525}}