{"recall": 0.1354532245721508, "_timestamp": 1712144356.4239142, "_runtime": 325.9799642562866, "_step": 199, "ndcg": 0.10613265156959369, "precision": 0.06183774834437086, "map": 0.03672027132612964, "_wandb": {"runtime": 325}}