{"recall": 0.1294009424988913, "_timestamp": 1712147241.3998823, "_runtime": 239.75381541252136, "_step": 199, "ndcg": 0.10368977254976658, "precision": 0.06152317880794703, "map": 0.03551098423084087, "_wandb": {"runtime": 239}}