{"recall": 0.13549263791901903, "_timestamp": 1712137928.8813858, "_runtime": 268.2537007331848, "_step": 199, "ndcg": 0.1045695734876037, "precision": 0.060637417218543044, "map": 0.035534486731588585, "_wandb": {"runtime": 268}}