{"recall": 0.09197691307876697, "_timestamp": 1712223366.7598028, "_runtime": 702.5988507270813, "_step": 199, "ndcg": 0.08641594883356281, "precision": 0.05606788079470199, "map": 0.02681894007921401, "_wandb": {"runtime": 702}}