{"recall": 0.12407668623338519, "_timestamp": 1712247700.3377256, "_runtime": 456.9193847179413, "_step": 199, "ndcg": 0.10251934418009341, "precision": 0.062177152317880804, "map": 0.03421351857066358, "_wandb": {"runtime": 456}}