{"recall": 0.11333583374472211, "_timestamp": 1712166348.0622559, "_runtime": 218.9091248512268, "_step": 199, "ndcg": 0.09864747164914084, "precision": 0.061250000000000006, "map": 0.03224048880716463, "_wandb": {"runtime": 218}}