{"recall": 0.1347504741348325, "_timestamp": 1712164204.4036307, "_runtime": 289.96593379974365, "_step": 199, "ndcg": 0.10572327683195343, "precision": 0.061365894039735115, "map": 0.036720080512979536, "_wandb": {"runtime": 289}}