{"recall": 0.14403716720455234, "_timestamp": 1712191919.9998057, "_runtime": 237.40984964370728, "_step": 199, "ndcg": 0.11026788516049969, "precision": 0.06230132450331127, "map": 0.03891086213838202, "_wandb": {"runtime": 237}}