{"recall": 0.1364075744998181, "_timestamp": 1712231332.3766396, "_runtime": 410.52803349494934, "_step": 199, "ndcg": 0.10801854921803897, "precision": 0.06374172185430464, "map": 0.03689310846815236, "_wandb": {"runtime": 410}}