{"recall": 0.08431252806217372, "_timestamp": 1712172601.347389, "_runtime": 247.6556270122528, "_step": 199, "ndcg": 0.07091453761182061, "precision": 0.04271523178807947, "map": 0.02226107079868086, "_wandb": {"runtime": 247}}