{"recall": 0.13936942852016992, "_timestamp": 1712210752.9034083, "_runtime": 253.59383726119995, "_step": 199, "ndcg": 0.10482994622220883, "precision": 0.0587996688741722, "map": 0.03581433146788916, "_wandb": {"runtime": 253}}