{"recall": 0.08492439311978608, "_timestamp": 1712166830.7323756, "_runtime": 217.70371270179749, "_step": 199, "ndcg": 0.08016321372671857, "precision": 0.05285596026490067, "map": 0.023954414072303087, "_wandb": {"runtime": 217}}