{"recall": 0.0837971310378537, "_timestamp": 1712222640.2704012, "_runtime": 289.22677516937256, "_step": 199, "ndcg": 0.06918195213140926, "precision": 0.04282284768211921, "map": 0.02046964794655364, "_wandb": {"runtime": 289}}