{"recall": 0.14525611304315708, "_timestamp": 1712203739.4084115, "_runtime": 367.32111859321594, "_step": 199, "ndcg": 0.11118902148071012, "precision": 0.0634271523178808, "map": 0.038511006036944934, "_wandb": {"runtime": 367}}