{"recall": 0.14490469791134278, "_timestamp": 1712221388.605171, "_runtime": 286.2417049407959, "_step": 199, "ndcg": 0.11167732089195391, "precision": 0.06406456953642385, "map": 0.03927120770992072, "_wandb": {"runtime": 286}}