{"recall": 0.13333389147137775, "_timestamp": 1712149986.8266087, "_runtime": 209.09174466133118, "_step": 199, "ndcg": 0.10647185805726554, "precision": 0.06294701986754968, "map": 0.03631665610371692, "_wandb": {"runtime": 209}}