{"recall": 0.13003318992763027, "_timestamp": 1712250687.5883007, "_runtime": 256.8474586009979, "_step": 199, "ndcg": 0.10163247449943671, "precision": 0.0581953642384106, "map": 0.034562425029982816, "_wandb": {"runtime": 256}}