{"recall": 0.12142070212938771, "_timestamp": 1712214869.3542178, "_runtime": 525.3560616970062, "_step": 199, "ndcg": 0.09477858380426492, "precision": 0.05441225165562914, "map": 0.03154725500204867, "_wandb": {"runtime": 525}}