{"recall": 0.14746176861731558, "_timestamp": 1712238469.4237258, "_runtime": 852.1679217815399, "_step": 199, "ndcg": 0.11202704364281893, "precision": 0.06318708609271524, "map": 0.03933094204375382, "_wandb": {"runtime": 852}}