{"recall": 0.13954426078939275, "_timestamp": 1712129890.8715422, "_runtime": 246.6093373298645, "_step": 199, "ndcg": 0.10965220918725224, "precision": 0.0643543046357616, "map": 0.03763453006382089, "_wandb": {"runtime": 246}}