{"recall": 0.10323993784647013, "_timestamp": 1712148297.0626981, "_runtime": 239.95722818374634, "_step": 199, "ndcg": 0.09256277018001831, "precision": 0.058990066225165574, "map": 0.029105773888580405, "_wandb": {"runtime": 239}}