{"recall": 0.11728378106062327, "_timestamp": 1712204519.6541767, "_runtime": 366.21970081329346, "_step": 199, "ndcg": 0.09986799893579017, "precision": 0.061009933774834435, "map": 0.03296147038227885, "_wandb": {"runtime": 366}}