{"acc": 0.8655465324463597, "loss": 0.0750071193329388, "_timestamp": 1711962462.7726552, "_runtime": 3.6813483238220215, "_step": 7, "_wandb": {"runtime": 2}}