{"recall": 0.14819832189391688, "_timestamp": 1712234925.5195663, "_runtime": 282.9120752811432, "_step": 199, "ndcg": 0.1113181016357517, "precision": 0.06314569536423842, "map": 0.03873305300779507, "_wandb": {"runtime": 283}}