{"recall": 0.09042794349520832, "_timestamp": 1712157571.7994254, "_runtime": 211.25511145591736, "_step": 199, "ndcg": 0.08461771534680358, "precision": 0.05494205298013245, "map": 0.026046294442615005, "_wandb": {"runtime": 211}}