{"recall": 0.10334071963008945, "_timestamp": 1712182216.808022, "_runtime": 228.96393990516663, "_step": 199, "ndcg": 0.09309420097675587, "precision": 0.05894039735099338, "map": 0.02955488742339907, "_wandb": {"runtime": 228}}