{"recall": 0.07481533873784657, "_timestamp": 1712388753.669686, "_runtime": 2134.9013390541077, "_step": 199, "ndcg": 0.0697970580965647, "precision": 0.048079470198675506, "map": 0.019443540637482153, "_wandb": {"runtime": 2134}}