{"recall": 0.10274403186277171, "_timestamp": 1712147505.5360727, "_runtime": 239.97852063179016, "_step": 199, "ndcg": 0.0926611801350878, "precision": 0.0590314569536424, "map": 0.02929172265172634, "_wandb": {"runtime": 240}}