{"recall": 0.12290090428990726, "_timestamp": 1712153888.4630976, "_runtime": 349.98664259910583, "_step": 199, "ndcg": 0.10058165395564822, "precision": 0.06032284768211921, "map": 0.03320725993860962, "_wandb": {"runtime": 350}}