{"recall": 0.10238164027914408, "_timestamp": 1712150450.7114499, "_runtime": 209.04050087928772, "_step": 199, "ndcg": 0.09271449099952918, "precision": 0.058551324503311276, "map": 0.029531700576625772, "_wandb": {"runtime": 209}}