{"recall": 0.12425457407754331, "_timestamp": 1712140540.8531039, "_runtime": 217.68463492393494, "_step": 199, "ndcg": 0.09709026690839254, "precision": 0.056589403973509936, "map": 0.032633029373952724, "_wandb": {"runtime": 217}}