{"recall": 0.13539199159787482, "_timestamp": 1712158757.6220813, "_runtime": 214.60402035713196, "_step": 199, "ndcg": 0.10695441316844129, "precision": 0.06314569536423842, "map": 0.0362769634114272, "_wandb": {"runtime": 214}}