{"recall": 0.12908475801182187, "_timestamp": 1712156566.367768, "_runtime": 266.01891708374023, "_step": 199, "ndcg": 0.10303231968078572, "precision": 0.062110927152317884, "map": 0.03411010922355525, "_wandb": {"runtime": 266}}