{"recall": 0.07760154859741807, "_timestamp": 1712332365.349991, "_runtime": 895.3008141517639, "_step": 199, "ndcg": 0.0733348699591451, "precision": 0.049842715231788084, "map": 0.020823378376652598, "_wandb": {"runtime": 895}}