{"recall": 0.08870711489625674, "_timestamp": 1712197512.1421454, "_runtime": 510.20370745658875, "_step": 199, "ndcg": 0.07324306720022164, "precision": 0.04599337748344372, "map": 0.02162924282184034, "_wandb": {"runtime": 510}}