{"recall": 0.09157290214991834, "_timestamp": 1712386593.7352126, "_runtime": 31196.225261449814, "_step": 199, "ndcg": 0.0841705417649278, "precision": 0.05494205298013245, "map": 0.025988171294612734, "_wandb": {"runtime": 31198}}