{"recall": 0.10017124689641586, "_timestamp": 1712154259.8417962, "_runtime": 348.6238691806793, "_step": 199, "ndcg": 0.08134389930056272, "precision": 0.04927152317880795, "map": 0.02544241404766916, "_wandb": {"runtime": 348}}