{"recall": 0.1158200053803662, "_timestamp": 1712159743.490803, "_runtime": 349.33683609962463, "_step": 199, "ndcg": 0.09988248361774009, "precision": 0.06201986754966888, "map": 0.032519223370716235, "_wandb": {"runtime": 349}}