{"recall": 0.13630073618946573, "_timestamp": 1712155989.6526413, "_runtime": 266.3163032531738, "_step": 199, "ndcg": 0.10492487400515149, "precision": 0.06062086092715233, "map": 0.03631401157466272, "_wandb": {"runtime": 266}}