{"recall": 0.1269970424239978, "_timestamp": 1712233695.3207767, "_runtime": 284.26364970207214, "_step": 199, "ndcg": 0.1044274731307006, "precision": 0.06282284768211921, "map": 0.034838735402242096, "_wandb": {"runtime": 284}}