{"recall": 0.14408175971312823, "_timestamp": 1712245223.7836962, "_runtime": 474.1695272922516, "_step": 199, "ndcg": 0.11071518296622174, "precision": 0.06302152317880795, "map": 0.03910652143472499, "_wandb": {"runtime": 474}}