{"recall": 0.13881195217594405, "_timestamp": 1712161211.6223211, "_runtime": 321.34432220458984, "_step": 199, "ndcg": 0.10773618011201153, "precision": 0.06163079470198676, "map": 0.03723511863255282, "_wandb": {"runtime": 321}}