{"recall": 0.13100742991751893, "_timestamp": 1712199204.971352, "_runtime": 315.98866605758667, "_step": 199, "ndcg": 0.10636546584495006, "precision": 0.06366721854304637, "map": 0.03599968462207448, "_wandb": {"runtime": 316}}