{"recall": 0.12621006089604064, "_timestamp": 1712198187.7902157, "_runtime": 315.22980761528015, "_step": 199, "ndcg": 0.10395985325632044, "precision": 0.06270695364238413, "map": 0.03472648225505702, "_wandb": {"runtime": 315}}