{"recall": 0.14679446909396493, "_timestamp": 1712207053.456921, "_runtime": 269.01709818840027, "_step": 199, "ndcg": 0.11112442541808308, "precision": 0.06365066225165564, "map": 0.038920054329407185, "_wandb": {"runtime": 268}}