{"recall": 0.12729928102870883, "_timestamp": 1712145401.543779, "_runtime": 325.4588508605957, "_step": 199, "ndcg": 0.09901979953934685, "precision": 0.05737582781456955, "map": 0.03324238452868443, "_wandb": {"runtime": 325}}