{"recall": 0.10379341351172003, "_timestamp": 1712212128.850174, "_runtime": 523.9357879161835, "_step": 199, "ndcg": 0.09311681492911218, "precision": 0.05921357615894041, "map": 0.029407074616945444, "_wandb": {"runtime": 523}}