{"recall": 0.08070366215801804, "_timestamp": 1712165863.622997, "_runtime": 217.22367000579834, "_step": 199, "ndcg": 0.07511275846178755, "precision": 0.05151490066225166, "map": 0.02110425303229715, "_wandb": {"runtime": 217}}