{"recall": 0.08175115789070732, "_timestamp": 1712216515.517124, "_runtime": 524.9382169246674, "_step": 199, "ndcg": 0.06794357386912767, "precision": 0.042541390728476826, "map": 0.020217611897146038, "_wandb": {"runtime": 525}}