{"recall": 0.13585054912463893, "_timestamp": 1712226991.7004216, "_runtime": 700.8163466453552, "_step": 199, "ndcg": 0.10415912103331361, "precision": 0.05884933774834438, "map": 0.03560027221490431, "_wandb": {"runtime": 701}}