{"recall": 0.08192517388830187, "_timestamp": 1712181205.934635, "_runtime": 267.6668050289154, "_step": 199, "ndcg": 0.06875403726531917, "precision": 0.042541390728476826, "map": 0.020638898114805626, "_wandb": {"runtime": 267}}