{"recall": 0.13796117484857318, "_timestamp": 1712191660.1847928, "_runtime": 238.42901873588562, "_step": 199, "ndcg": 0.10920408281013798, "precision": 0.06429635761589404, "map": 0.037388970765683406, "_wandb": {"runtime": 238}}