{"recall": 0.09107434393669714, "_timestamp": 1712189738.5639496, "_runtime": 281.46880650520325, "_step": 199, "ndcg": 0.0860206186628083, "precision": 0.05557119205298014, "map": 0.026733746093017298, "_wandb": {"runtime": 281}}