{"recall": 0.09106810504883273, "_timestamp": 1712192181.225326, "_runtime": 238.6731719970703, "_step": 199, "ndcg": 0.08564589116089874, "precision": 0.05543046357615895, "map": 0.02640955834669381, "_wandb": {"runtime": 238}}