{"recall": 0.12725336334115228, "_timestamp": 1712163891.5237482, "_runtime": 289.02680921554565, "_step": 199, "ndcg": 0.10451779177018902, "precision": 0.06306291390728479, "map": 0.03497946786873691, "_wandb": {"runtime": 289}}