{"recall": 0.11939701780123864, "_timestamp": 1712167635.5910754, "_runtime": 293.14881134033203, "_step": 199, "ndcg": 0.10077405681262201, "precision": 0.0615314569536424, "map": 0.03328607415586747, "_wandb": {"runtime": 293}}