{"recall": 0.13720792594010234, "_timestamp": 1712152771.055264, "_runtime": 347.817400932312, "_step": 199, "ndcg": 0.10927562301362688, "precision": 0.06429635761589404, "map": 0.037371153887020406, "_wandb": {"runtime": 347}}