{"recall": 0.13385451479307378, "_timestamp": 1712180332.5596771, "_runtime": 266.1817350387573, "_step": 199, "ndcg": 0.10156279226546228, "precision": 0.05738410596026491, "map": 0.03522780292012277, "_wandb": {"runtime": 266}}