{"recall": 0.09095454629464474, "_timestamp": 1712149063.7473216, "_runtime": 208.02400660514832, "_step": 199, "ndcg": 0.08531368491729775, "precision": 0.05507450331125829, "map": 0.026340790109042708, "_wandb": {"runtime": 207}}