{"recall": 0.09436851985826138, "_timestamp": 1712169209.4346204, "_runtime": 293.15602445602417, "_step": 199, "ndcg": 0.07711715757504636, "precision": 0.04547185430463577, "map": 0.02453169898929587, "_wandb": {"runtime": 293}}