{"recall": 0.1308975091231521, "_timestamp": 1712167074.1782973, "_runtime": 220.31597638130188, "_step": 199, "ndcg": 0.10545908472516247, "precision": 0.06349337748344372, "map": 0.03508202791309691, "_wandb": {"runtime": 220}}