{"recall": 0.1246595210028172, "_timestamp": 1712200220.3913796, "_runtime": 315.33071851730347, "_step": 199, "ndcg": 0.10280151407063674, "precision": 0.062425496688741734, "map": 0.03428507264842777, "_wandb": {"runtime": 315}}