{"recall": 0.09024024232762581, "_timestamp": 1712157807.8720179, "_runtime": 213.440043926239, "_step": 199, "ndcg": 0.08508006831590263, "precision": 0.055314569536423844, "map": 0.026152305389856897, "_wandb": {"runtime": 213}}