{"recall": 0.10529162478176234, "_timestamp": 1712138514.0517645, "_runtime": 269.9137625694275, "_step": 199, "ndcg": 0.09123241564284398, "precision": 0.05672185430463576, "map": 0.028800638259046538, "_wandb": {"runtime": 269}}