{"recall": 0.1338606097148075, "_timestamp": 1712139820.4877706, "_runtime": 218.23884749412537, "_step": 199, "ndcg": 0.10422959920637317, "precision": 0.06048013245033114, "map": 0.03614251350090147, "_wandb": {"runtime": 218}}