{"recall": 0.09165779040794204, "_timestamp": 1712191399.4034846, "_runtime": 235.50007247924805, "_step": 199, "ndcg": 0.08604425910960435, "precision": 0.05576986754966888, "map": 0.02660109434601911, "_wandb": {"runtime": 235}}