{"recall": 0.10059737406531348, "_timestamp": 1712177839.4348114, "_runtime": 355.94548630714417, "_step": 199, "ndcg": 0.09091443525868532, "precision": 0.057822847682119205, "map": 0.028402571150803257, "_wandb": {"runtime": 355}}