{"recall": 0.08296469557589047, "_timestamp": 1712138806.189493, "_runtime": 267.93820905685425, "_step": 199, "ndcg": 0.07014180926128798, "precision": 0.04437086092715232, "map": 0.020613442738893265, "_wandb": {"runtime": 268}}