{"recall": 0.08768569538955431, "_timestamp": 1712178218.4033651, "_runtime": 356.9375870227814, "_step": 199, "ndcg": 0.07260268913177849, "precision": 0.045413907284768226, "map": 0.021611855663706873, "_wandb": {"runtime": 356}}