{"train_loss": 0.024331631138920787, "mf_loss": 0.014137109467650164, "emb_loss": 0.010194521616486943, "_timestamp": 1712471486.679252, "_runtime": 502.4751160144806, "_step": 499, "recall": 0.14896603623844085, "ndcg": 0.11112086766241802, "precision": 0.0622682119205298, "map": 0.038935051047257904, "_wandb": {"runtime": 502}}