{"recall": 0.07540772341595868, "_timestamp": 1712253725.8017619, "_runtime": 1499.223070859909, "_step": 199, "ndcg": 0.0705771455399748, "precision": 0.048592715231788076, "map": 0.019650093722560588, "_wandb": {"runtime": 1499}}