{"recall": 0.08420362607902962, "_timestamp": 1712164515.7383924, "_runtime": 288.35032534599304, "_step": 199, "ndcg": 0.07994109839415646, "precision": 0.052905629139072846, "map": 0.023812462333183626, "_wandb": {"runtime": 288}}