{"recall": 0.0818449747591128, "_timestamp": 1712219831.747224, "_runtime": 350.43389320373535, "_step": 199, "ndcg": 0.06807194569016387, "precision": 0.042086092715231796, "map": 0.02037094500244766, "_wandb": {"runtime": 350}}