{"recall": 0.14532091542433917, "_timestamp": 1712175944.1844702, "_runtime": 355.39133620262146, "_step": 199, "ndcg": 0.11275152388591606, "precision": 0.06461920529801325, "map": 0.039462678097434284, "_wandb": {"runtime": 355}}