{"recall": 0.1019933870757284, "_timestamp": 1712146711.4170861, "_runtime": 239.63910722732544, "_step": 199, "ndcg": 0.0921696649341726, "precision": 0.058882450331125845, "map": 0.029129384953198268, "_wandb": {"runtime": 239}}