{"recall": 0.11918174038102762, "_timestamp": 1712129620.4604578, "_runtime": 53.93634581565857, "_step": 39, "ndcg": 0.10069879476019246, "precision": 0.06196192052980133, "map": 0.033130801633569795, "_wandb": {"runtime": 53}}