{"train_loss": 0.07652519818614512, "mf_loss": 0.05757644137038904, "emb_loss": 0.01894875626791926, "_timestamp": 1712470851.8289065, "_runtime": 70.60831546783447, "_step": 79, "recall": 0.14450504777756484, "ndcg": 0.1108429109261302, "precision": 0.06320364238410596, "map": 0.03911249746539933, "_wandb": {"runtime": 72}}