{"recall": 0.14099757880240577, "_timestamp": 1712231765.4463067, "_runtime": 409.5086736679077, "_step": 199, "ndcg": 0.10608377024144655, "precision": 0.06033112582781457, "map": 0.036811341720703765, "_wandb": {"runtime": 409}}