{"recall": 0.10877875837072577, "_timestamp": 1712172061.2473314, "_runtime": 247.26579236984253, "_step": 199, "ndcg": 0.09333337075109178, "precision": 0.05850993377483443, "map": 0.0299404967525573, "_wandb": {"runtime": 247}}