{"recall": 0.11123078754458907, "_timestamp": 1712140781.379173, "_runtime": 217.47942805290222, "_step": 199, "ndcg": 0.09479444056251833, "precision": 0.05899834437086093, "map": 0.03053224837991813, "_wandb": {"runtime": 217}}