{"recall": 0.0749815650727914, "_timestamp": 1712206470.8093944, "_runtime": 367.94057536125183, "_step": 199, "ndcg": 0.06394017781984099, "precision": 0.04062086092715232, "map": 0.01835198457835962, "_wandb": {"runtime": 367}}