{"recall": 0.1244505920377319, "_timestamp": 1712151659.8771951, "_runtime": 346.61970114707947, "_step": 199, "ndcg": 0.10354571919699052, "precision": 0.06259105960264902, "map": 0.034520453739868014, "_wandb": {"runtime": 346}}