{"recall": 0.08018309188552725, "_timestamp": 1712206079.5982733, "_runtime": 366.6180512905121, "_step": 199, "ndcg": 0.06721474732759229, "precision": 0.04269039735099338, "map": 0.01943900680959696, "_wandb": {"runtime": 366}}