{"recall": 0.09091536949496712, "_timestamp": 1712229595.012529, "_runtime": 409.25054383277893, "_step": 199, "ndcg": 0.08611677187571357, "precision": 0.05570364238410597, "map": 0.026775760837263424, "_wandb": {"runtime": 409}}