{"recall": 0.07550142589812608, "_timestamp": 1712165383.0187695, "_runtime": 217.67581057548523, "_step": 199, "ndcg": 0.0704143822763099, "precision": 0.04860927152317881, "map": 0.019655319363479716, "_wandb": {"runtime": 217}}