{"recall": 0.08522327018807375, "_timestamp": 1712194843.3249366, "_runtime": 510.5901446342468, "_step": 199, "ndcg": 0.08036983504351031, "precision": 0.05305463576158941, "map": 0.024003319200486886, "_wandb": {"runtime": 510}}