{"recall": 0.11436984228324266, "_timestamp": 1712211028.934526, "_runtime": 252.92646884918213, "_step": 199, "ndcg": 0.0972023560625026, "precision": 0.060198675496688746, "map": 0.031328189590181035, "_wandb": {"runtime": 252}}