{"recall": 0.10251685085243827, "_timestamp": 1712149293.69039, "_runtime": 206.93090200424194, "_step": 199, "ndcg": 0.09188562061593805, "precision": 0.05860927152317881, "map": 0.02897848942635372, "_wandb": {"runtime": 206}}