{"recall": 0.1390093526345194, "_timestamp": 1712220456.4033797, "_runtime": 287.1938066482544, "_step": 199, "ndcg": 0.10926848310374707, "precision": 0.06382450331125827, "map": 0.037656749753880184, "_wandb": {"runtime": 287}}