{"recall": 0.14465508599588686, "_timestamp": 1712213225.8579557, "_runtime": 525.7356235980988, "_step": 199, "ndcg": 0.10858507984712863, "precision": 0.06119205298013245, "map": 0.03749840181737869, "_wandb": {"runtime": 525}}