{"recall": 0.0828484632625251, "_timestamp": 1712187591.899476, "_runtime": 434.4880270957947, "_step": 199, "ndcg": 0.06869066921669116, "precision": 0.04347682119205298, "map": 0.019910939062410437, "_wandb": {"runtime": 434}}