{"recall": 0.08443784911473898, "_timestamp": 1712197849.5129058, "_runtime": 314.26662492752075, "_step": 199, "ndcg": 0.08031382208576655, "precision": 0.05299668874172186, "map": 0.023985438484583208, "_wandb": {"runtime": 314}}