{"recall": 0.1309418949780404, "_timestamp": 1712218707.1573355, "_runtime": 350.237708568573, "_step": 199, "ndcg": 0.09925078623992661, "precision": 0.056523178807947036, "map": 0.03407865976094047, "_wandb": {"runtime": 350}}