{"recall": 0.11962220506749885, "_timestamp": 1712141941.2753382, "_runtime": 202.76239228248596, "_step": 199, "ndcg": 0.10019320348421651, "precision": 0.06098509933774835, "map": 0.03341371631706122, "_wandb": {"runtime": 202}}