{"recall": 0.13670526427400057, "_timestamp": 1712230028.1762075, "_runtime": 409.32297563552856, "_step": 199, "ndcg": 0.10891507648044577, "precision": 0.06380794701986757, "map": 0.037532133636881286, "_wandb": {"runtime": 409}}