{"recall": 0.14103943956692722, "_timestamp": 1712177081.8719552, "_runtime": 356.0560040473938, "_step": 199, "ndcg": 0.1108233166937699, "precision": 0.06447847682119207, "map": 0.03820251818418737, "_wandb": {"runtime": 356}}