{"recall": 0.08449815160233826, "_timestamp": 1712250128.9750867, "_runtime": 255.8284935951233, "_step": 199, "ndcg": 0.07979274992166198, "precision": 0.052632450331125846, "map": 0.02381784598079288, "_wandb": {"runtime": 255}}