{"recall": 0.08424642673474741, "_timestamp": 1712163579.981143, "_runtime": 288.42313289642334, "_step": 199, "ndcg": 0.08016921003790656, "precision": 0.05297185430463577, "map": 0.02391608677602336, "_wandb": {"runtime": 288}}