{"recall": 0.08878280867256912, "_timestamp": 1712157337.7317617, "_runtime": 217.15574169158936, "_step": 199, "ndcg": 0.08355653602711094, "precision": 0.054395695364238425, "map": 0.02547969553021611, "_wandb": {"runtime": 217}}