{"recall": 0.13411013019181198, "_timestamp": 1712188206.6379921, "_runtime": 284.22714018821716, "_step": 199, "ndcg": 0.10750372486670472, "precision": 0.06336092715231789, "map": 0.03669626258422309, "_wandb": {"runtime": 284}}