{"recall": 0.11705546548745097, "_timestamp": 1712232634.1265116, "_runtime": 414.4499955177307, "_step": 199, "ndcg": 0.09576648675127601, "precision": 0.05802980132450331, "map": 0.03112902528405038, "_wandb": {"runtime": 414}}