{"recall": 0.14112147568779182, "_timestamp": 1712241095.1423242, "_runtime": 852.327023267746, "_step": 199, "ndcg": 0.10817742301497833, "precision": 0.06171357615894041, "map": 0.03707099454562461, "_wandb": {"runtime": 851}}