{"recall": 0.11837234326042653, "_timestamp": 1712210199.8408842, "_runtime": 251.6845622062683, "_step": 199, "ndcg": 0.0994213922903808, "precision": 0.06099337748344372, "map": 0.03246194997302981, "_wandb": {"runtime": 251}}