{"recall": 0.07595025646794128, "_timestamp": 1712256572.7125404, "_runtime": 434.25385332107544, "_step": 199, "ndcg": 0.07108541137783805, "precision": 0.048940397350993384, "map": 0.020017738974744875, "_wandb": {"runtime": 434}}