{"recall": 0.11949196686526461, "_timestamp": 1712140059.8144639, "_runtime": 216.97114491462708, "_step": 199, "ndcg": 0.10056007399111945, "precision": 0.0616225165562914, "map": 0.03321227436905515, "_wandb": {"runtime": 216}}