{"recall": 0.11444207293504009, "_timestamp": 1712174631.5477939, "_runtime": 257.3204038143158, "_step": 199, "ndcg": 0.09752045359671206, "precision": 0.0600248344370861, "map": 0.03168208159415693, "_wandb": {"runtime": 257}}