{"recall": 0.10539144735339641, "_timestamp": 1712141489.3693068, "_runtime": 203.17472290992737, "_step": 199, "ndcg": 0.09384397527958188, "precision": 0.0596771523178808, "map": 0.02988405547937171, "_wandb": {"runtime": 203}}