{"recall": 0.10268444473970494, "_timestamp": 1712216864.5906441, "_runtime": 325.8587861061096, "_step": 199, "ndcg": 0.09259466783822339, "precision": 0.05897350993377484, "map": 0.02928093192987896, "_wandb": {"runtime": 325}}