{"recall": 0.09121709580318736, "_timestamp": 1712185304.7042027, "_runtime": 430.6760697364807, "_step": 199, "ndcg": 0.08604175341956201, "precision": 0.05563741721854306, "map": 0.026693192727543412, "_wandb": {"runtime": 430}}