{"recall": 0.07513287139184012, "_timestamp": 1712319923.400177, "_runtime": 1470.9341208934784, "_step": 199, "ndcg": 0.07018130687972017, "precision": 0.048443708609271524, "map": 0.019568104039506935, "_wandb": {"runtime": 1470}}