{"recall": 0.13732240598173778, "_timestamp": 1712140299.9218044, "_runtime": 217.3490355014801, "_step": 199, "ndcg": 0.10580799752647103, "precision": 0.06120860927152318, "map": 0.03644440768626864, "_wandb": {"runtime": 217}}