{"recall": 0.11877465535240274, "_timestamp": 1712173728.5597763, "_runtime": 259.45867133140564, "_step": 199, "ndcg": 0.0997667797288363, "precision": 0.06113410596026491, "map": 0.03262447983969684, "_wandb": {"runtime": 259}}