{"recall": 0.12472781240589872, "_timestamp": 1712158996.6846426, "_runtime": 215.79409861564636, "_step": 199, "ndcg": 0.09766978427680906, "precision": 0.05697019867549669, "map": 0.03246708678319681, "_wandb": {"runtime": 215}}