{"recall": 0.07910157044280461, "_timestamp": 1712208808.9657965, "_runtime": 268.28810358047485, "_step": 199, "ndcg": 0.06702046166229446, "precision": 0.04195364238410596, "map": 0.02001206499832387, "_wandb": {"runtime": 268}}