{"recall": 0.1356951290168462, "_timestamp": 1712153145.0894146, "_runtime": 350.7651946544647, "_step": 199, "ndcg": 0.10513890227504878, "precision": 0.05990066225165564, "map": 0.03618746422401875, "_wandb": {"runtime": 349}}