{"recall": 0.12609786689352498, "_timestamp": 1712160118.1763973, "_runtime": 351.1099832057953, "_step": 199, "ndcg": 0.10352771229704953, "precision": 0.06170529801324504, "map": 0.03516859865922784, "_wandb": {"runtime": 351}}