{"recall": 0.09067940428135177, "_timestamp": 1712227715.2219613, "_runtime": 699.0547382831573, "_step": 199, "ndcg": 0.08531594390116784, "precision": 0.055447019867549685, "map": 0.026141396236630667, "_wandb": {"runtime": 699}}