{"recall": 0.09914884124549954, "_timestamp": 1712143311.1279044, "_runtime": 204.82266330718994, "_step": 199, "ndcg": 0.07951497893987565, "precision": 0.04818708609271524, "map": 0.02463158914282006, "_wandb": {"runtime": 204}}