{"recall": 0.07574291609980813, "_timestamp": 1712318425.602005, "_runtime": 20394.245496988297, "_step": 199, "ndcg": 0.07123630876404896, "precision": 0.04874172185430464, "map": 0.019921797242810055, "_wandb": {"runtime": 20395}}