{"recall": 0.1305880385592179, "_timestamp": 1712246222.7948096, "_runtime": 474.1967945098877, "_step": 199, "ndcg": 0.10601502610748408, "precision": 0.0636341059602649, "map": 0.035743229856142124, "_wandb": {"runtime": 474}}