{"recall": 0.12069629493844998, "_timestamp": 1712192708.9972532, "_runtime": 240.88258028030396, "_step": 199, "ndcg": 0.0944071882544845, "precision": 0.05365066225165564, "map": 0.03175138675609359, "_wandb": {"runtime": 240}}