{"recall": 0.14681842039442367, "_timestamp": 1712184851.6882124, "_runtime": 431.5036025047302, "_step": 199, "ndcg": 0.111533352007137, "precision": 0.06297185430463577, "map": 0.039294395798899893, "_wandb": {"runtime": 431}}