{"recall": 0.13103706912032118, "_timestamp": 1712148033.5728798, "_runtime": 241.339528799057, "_step": 199, "ndcg": 0.10194475985575993, "precision": 0.0586837748344371, "map": 0.03499123427723775, "_wandb": {"runtime": 241}}