{"recall": 0.08005564956719896, "_timestamp": 1712228438.458747, "_runtime": 698.4675579071045, "_step": 199, "ndcg": 0.06908444524453973, "precision": 0.044470198675496696, "map": 0.020090021520892773, "_wandb": {"runtime": 698}}