{"recall": 0.11313670090869757, "_timestamp": 1712150915.4317303, "_runtime": 209.58522033691406, "_step": 199, "ndcg": 0.09037723495399581, "precision": 0.05316225165562914, "map": 0.029305285603729324, "_wandb": {"runtime": 209}}