{"recall": 0.14581641481370933, "_timestamp": 1712179462.9257193, "_runtime": 265.31563925743103, "_step": 199, "ndcg": 0.11049708229549975, "precision": 0.06200331125827816, "map": 0.039496268308186165, "_wandb": {"runtime": 265}}