{"recall": 0.11364329296205536, "_timestamp": 1712174914.4347427, "_runtime": 257.4258086681366, "_step": 199, "ndcg": 0.09105783152162944, "precision": 0.0532864238410596, "map": 0.030021534029461967, "_wandb": {"runtime": 257}}