{"recall": 0.08361955957811963, "_timestamp": 1712162643.9263465, "_runtime": 287.7701256275177, "_step": 199, "ndcg": 0.0796151572024099, "precision": 0.052475165562913914, "map": 0.023724529903706205, "_wandb": {"runtime": 287}}