{"recall": 0.08053649710496094, "_timestamp": 1712175186.846936, "_runtime": 250.03741598129272, "_step": 199, "ndcg": 0.06679596166183879, "precision": 0.041291390728476825, "map": 0.019836328602054667, "_wandb": {"runtime": 250}}