{"recall": 0.08537157342816251, "_timestamp": 1712236712.056653, "_runtime": 850.7210829257965, "_step": 199, "ndcg": 0.08033620473259127, "precision": 0.05306291390728477, "map": 0.023934540277049603, "_wandb": {"runtime": 850}}