{"recall": 0.09079860751856499, "_timestamp": 1712151290.1338098, "_runtime": 351.3321068286896, "_step": 199, "ndcg": 0.0854116830537688, "precision": 0.05563741721854306, "map": 0.02618089387163225, "_wandb": {"runtime": 349}}