{"recall": 0.13092058744870153, "_timestamp": 1712195377.0285585, "_runtime": 510.03138756752014, "_step": 199, "ndcg": 0.10676884178292709, "precision": 0.06383278145695366, "map": 0.03603923705220241, "_wandb": {"runtime": 510}}