{"recall": 0.14582437758057445, "_timestamp": 1712199543.638966, "_runtime": 315.505832195282, "_step": 199, "ndcg": 0.11073099701000197, "precision": 0.06298013245033114, "map": 0.03884409347507502, "_wandb": {"runtime": 315}}