{"recall": 0.10743157283053473, "_timestamp": 1712208227.283931, "_runtime": 267.40174102783203, "_step": 199, "ndcg": 0.08586271740599985, "precision": 0.04814569536423842, "map": 0.029002100129182223, "_wandb": {"runtime": 267}}