{"recall": 0.1406846355832784, "_timestamp": 1712171519.4346178, "_runtime": 247.82827067375183, "_step": 199, "ndcg": 0.10670732731433635, "precision": 0.06163907284768213, "map": 0.036741838487562205, "_wandb": {"runtime": 247}}