{"recall": 0.13189419753292886, "_timestamp": 1712249566.8168702, "_runtime": 254.89639830589294, "_step": 199, "ndcg": 0.10636745029144676, "precision": 0.063841059602649, "map": 0.03554777906212523, "_wandb": {"runtime": 254}}