{"recall": 0.08483339912871628, "_timestamp": 1712201621.106974, "_runtime": 242.73506379127502, "_step": 199, "ndcg": 0.07984641829497581, "precision": 0.05279801324503312, "map": 0.023705339047187586, "_wandb": {"runtime": 242}}