{"recall": 0.1453000546540012, "_timestamp": 1712246721.0229547, "_runtime": 473.2054088115692, "_step": 199, "ndcg": 0.10920448195668463, "precision": 0.06274006622516556, "map": 0.03779754471848167, "_wandb": {"runtime": 473}}