{"recall": 0.10269060391235806, "_timestamp": 1712178885.4855092, "_runtime": 264.76972222328186, "_step": 199, "ndcg": 0.09268356368872752, "precision": 0.05907284768211922, "map": 0.029287249238195128, "_wandb": {"runtime": 264}}