{"recall": 0.1435985631167871, "_timestamp": 1712202154.8094592, "_runtime": 244.44894313812256, "_step": 199, "ndcg": 0.1105511832942867, "precision": 0.06273178807947022, "map": 0.039071199945689604, "_wandb": {"runtime": 243}}