{"recall": 0.10659534853590295, "_timestamp": 1712331445.9125957, "_runtime": 11499.462076663971, "_step": 199, "ndcg": 0.09270887648132556, "precision": 0.058170529801324505, "map": 0.03021863914084702, "_wandb": {"runtime": 11500}}