{"recall": 0.08453874119997629, "_timestamp": 1712248454.5637097, "_runtime": 254.17610263824463, "_step": 199, "ndcg": 0.079898193799669, "precision": 0.05281456953642384, "map": 0.023797592087257825, "_wandb": {"runtime": 254}}