{"recall": 0.11882392265204518, "_timestamp": 1712203349.3489943, "_runtime": 368.00820422172546, "_step": 199, "ndcg": 0.10045973718300763, "precision": 0.06141556291390729, "map": 0.03315743441895846, "_wandb": {"runtime": 368}}