{"recall": 0.14355066753202597, "_timestamp": 1712220767.1294515, "_runtime": 284.30246448516846, "_step": 199, "ndcg": 0.10959475736076581, "precision": 0.06264900662251657, "map": 0.0382490542922121, "_wandb": {"runtime": 284}}