{"recall": 0.08401198348906419, "_timestamp": 1712199882.700434, "_runtime": 314.6093530654907, "_step": 199, "ndcg": 0.0800653215304236, "precision": 0.05306291390728478, "map": 0.023925749300731988, "_wandb": {"runtime": 314}}