{"recall": 0.10284787499883292, "_timestamp": 1712217956.8728871, "_runtime": 351.76651406288147, "_step": 199, "ndcg": 0.09248517838727831, "precision": 0.05899834437086093, "map": 0.029107518433251572, "_wandb": {"runtime": 351}}