{"recall": 0.1334099686184672, "_timestamp": 1712235534.5168474, "_runtime": 278.9632112979889, "_step": 199, "ndcg": 0.10622187979800729, "precision": 0.062408940397351, "map": 0.03626178271373642, "_wandb": {"runtime": 279}}