{"recall": 0.1348775091184767, "_timestamp": 1712226265.782694, "_runtime": 700.4589850902557, "_step": 199, "ndcg": 0.10845283954801137, "precision": 0.06399006622516558, "map": 0.03705875417856153, "_wandb": {"runtime": 700}}