{"recall": 0.09132504092125768, "_timestamp": 1712235230.4944496, "_runtime": 279.83323860168457, "_step": 199, "ndcg": 0.08590439452447504, "precision": 0.05539735099337749, "map": 0.026615200491443152, "_wandb": {"runtime": 280}}