{"recall": 0.14810907059975695, "_timestamp": 1712217579.9433484, "_runtime": 338.5035593509674, "_step": 199, "ndcg": 0.11082743110443685, "precision": 0.06234271523178808, "map": 0.03899481132271573, "_wandb": {"runtime": 338}}