{"recall": 0.07595540381332251, "_timestamp": 1712262728.5423439, "_runtime": 455.06769275665283, "_step": 199, "ndcg": 0.07166941026813389, "precision": 0.0492135761589404, "map": 0.020347686982806878, "_wandb": {"runtime": 455}}