{"recall": 0.10354137249782817, "_timestamp": 1712124018.1804, "_runtime": 88.74866986274719, "_step": 19, "ndcg": 0.09275204499262381, "precision": 0.05895695364238411, "map": 0.029507748146970793, "_wandb": {"runtime": 88}}