{"recall": 0.09145373018132015, "_timestamp": 1712186677.0666752, "_runtime": 429.4359540939331, "_step": 199, "ndcg": 0.08573998510747614, "precision": 0.055678807947019876, "map": 0.026322931997584925, "_wandb": {"runtime": 429}}