{"recall": 0.13874914501920832, "_timestamp": 1712224091.5648406, "_runtime": 700.0178706645966, "_step": 199, "ndcg": 0.10996659674164241, "precision": 0.06454470198675497, "map": 0.037616060439172386, "_wandb": {"runtime": 700}}