{"recall": 0.09055516311825018, "_timestamp": 1712280392.5444713, "_runtime": 10802.99489235878, "_step": 199, "ndcg": 0.08364552295917428, "precision": 0.054627483443708616, "map": 0.025631964374761642, "_wandb": {"runtime": 10803}}