{"recall": 0.12878753159801543, "_timestamp": 1712202691.861334, "_runtime": 244.14538311958313, "_step": 199, "ndcg": 0.10466112711795328, "precision": 0.06311258278145696, "map": 0.0347312519903061, "_wandb": {"runtime": 244}}