{"recall": 0.13407435853958072, "_timestamp": 1712144007.7108974, "_runtime": 325.2467255592346, "_step": 199, "ndcg": 0.10763876074761244, "precision": 0.06343543046357618, "map": 0.036938727997501655, "_wandb": {"runtime": 325}}