{"recall": 0.1447739070792918, "_timestamp": 1712173446.97003, "_runtime": 259.7573039531708, "_step": 199, "ndcg": 0.11018787892487923, "precision": 0.062317880794702005, "map": 0.039052281378925, "_wandb": {"runtime": 259}}