{"recall": 0.1344969590622536, "_timestamp": 1712183231.7630534, "_runtime": 231.05574250221252, "_step": 199, "ndcg": 0.10567812322210983, "precision": 0.06146523178807947, "map": 0.0361513608729912, "_wandb": {"runtime": 231}}