{"recall": 0.14416830480922566, "_timestamp": 1712195912.0469823, "_runtime": 509.92049527168274, "_step": 199, "ndcg": 0.10973032464037652, "precision": 0.06234271523178809, "map": 0.037785685788928276, "_wandb": {"runtime": 510}}