{"recall": 0.10435672408393616, "_timestamp": 1712149523.592107, "_runtime": 206.89215898513794, "_step": 199, "ndcg": 0.09264622088962757, "precision": 0.059006622516556285, "map": 0.02956917498536733, "_wandb": {"runtime": 206}}