{"recall": 0.13044300720242605, "_timestamp": 1712152030.6555963, "_runtime": 347.45297026634216, "_step": 199, "ndcg": 0.10477062687543287, "precision": 0.061937086092715234, "map": 0.035894757548830605, "_wandb": {"runtime": 347}}