{"recall": 0.09272514585550853, "_timestamp": 1712146446.7851927, "_runtime": 325.9275197982788, "_step": 199, "ndcg": 0.07642361902997774, "precision": 0.046556291390728484, "map": 0.02353515113918077, "_wandb": {"runtime": 325}}