{"recall": 0.11717087010290415, "_timestamp": 1712168578.5325677, "_runtime": 291.66729974746704, "_step": 199, "ndcg": 0.09959744217050469, "precision": 0.06098509933774836, "map": 0.032741052022881856, "_wandb": {"runtime": 291}}