{"recall": 0.08475341918246962, "_timestamp": 1712202424.8001008, "_runtime": 247.54701375961304, "_step": 199, "ndcg": 0.07984582720536633, "precision": 0.05265728476821193, "map": 0.02378174085635693, "_wandb": {"runtime": 244}}