{"recall": 0.08546196508534924, "_timestamp": 1712160492.8651397, "_runtime": 349.70763063430786, "_step": 199, "ndcg": 0.08035919337940041, "precision": 0.05310430463576159, "map": 0.0239265546359418, "_wandb": {"runtime": 349}}