{"recall": 0.14583470806635074, "_timestamp": 1712464715.4829965, "_runtime": 459.71360635757446, "_step": 399, "ndcg": 0.11190033263470876, "precision": 0.06464403973509934, "map": 0.03880568875507979, "_wandb": {"runtime": 459}}