{"recall": 0.10389371859200305, "_timestamp": 1712176702.409681, "_runtime": 354.6262550354004, "_step": 199, "ndcg": 0.09326832026846092, "precision": 0.059230132450331124, "map": 0.029463427551408943, "_wandb": {"runtime": 354}}