{"recall": 0.1414426988637217, "_timestamp": 1712145052.36318, "_runtime": 326.0746319293976, "_step": 199, "ndcg": 0.10995779663671783, "precision": 0.06371688741721855, "map": 0.038027104178314536, "_wandb": {"runtime": 326}}