{"recall": 0.11358758430580176, "_timestamp": 1712242850.5939932, "_runtime": 852.9260151386261, "_step": 199, "ndcg": 0.09653985990628355, "precision": 0.05860099337748345, "map": 0.031643400958145745, "_wandb": {"runtime": 853}}