{"recall": 0.08427047586918143, "_timestamp": 1712244227.3710296, "_runtime": 472.2074246406555, "_step": 199, "ndcg": 0.08021630341809723, "precision": 0.052955298013245035, "map": 0.023936776009064825, "_wandb": {"runtime": 472}}