{"recall": 0.11853245739749306, "_timestamp": 1712142166.8546908, "_runtime": 202.70589184761047, "_step": 199, "ndcg": 0.09999321566530697, "precision": 0.061672185430463586, "map": 0.032544650720056544, "_wandb": {"runtime": 202}}