{"recall": 0.12427246822044126, "_timestamp": 1712161957.7309587, "_runtime": 351.60865569114685, "_step": 199, "ndcg": 0.10259432981571599, "precision": 0.062251655629139084, "map": 0.03391516230196943, "_wandb": {"runtime": 351}}