{"recall": 0.1189990512379755, "_timestamp": 1712207637.419543, "_runtime": 269.28994512557983, "_step": 199, "ndcg": 0.09997454507753839, "precision": 0.06153145695364239, "map": 0.0328288548934663, "_wandb": {"runtime": 269}}