{"recall": 0.09114672716971982, "_timestamp": 1712155410.8505843, "_runtime": 263.2277612686157, "_step": 199, "ndcg": 0.08619823802028764, "precision": 0.05574503311258279, "map": 0.026797581182492095, "_wandb": {"runtime": 263}}