{"recall": 0.08418804856209662, "_timestamp": 1712245723.7145638, "_runtime": 473.2323987483978, "_step": 199, "ndcg": 0.08002303165124736, "precision": 0.05286423841059604, "map": 0.023862079599238695, "_wandb": {"runtime": 473}}