{"recall": 0.10622059631689944, "_timestamp": 1712205689.7852619, "_runtime": 366.7159547805786, "_step": 199, "ndcg": 0.09246088090961942, "precision": 0.0577566225165563, "map": 0.029235797433267614, "_wandb": {"runtime": 366}}