{"recall": 0.08022956810844784, "_timestamp": 1712157097.5704768, "_runtime": 213.6509268283844, "_step": 199, "ndcg": 0.07414843853970887, "precision": 0.05091887417218544, "map": 0.02067317165670582, "_wandb": {"runtime": 213}}