{"recall": 0.10029670522582323, "_timestamp": 1712200560.0987954, "_runtime": 315.8473324775696, "_step": 199, "ndcg": 0.08069932833507339, "precision": 0.048882450331125836, "map": 0.02539873675053645, "_wandb": {"runtime": 315}}