{"recall": 0.08385056743824146, "_timestamp": 1712178597.3408105, "_runtime": 355.6560935974121, "_step": 199, "ndcg": 0.07066063126222039, "precision": 0.043021523178807954, "map": 0.021544151323279016, "_wandb": {"runtime": 355}}