{"recall": 0.13884099628796912, "_timestamp": 1712131969.668514, "_runtime": 489.4483621120453, "_step": 399, "ndcg": 0.1098450731502141, "precision": 0.06480960264900663, "map": 0.0376532258030092, "_wandb": {"runtime": 489}}