{"recall": 0.09928961366541127, "_timestamp": 1712215416.0808117, "_runtime": 523.8802528381348, "_step": 199, "ndcg": 0.08996402688034214, "precision": 0.05759933774834438, "map": 0.02777101126641951, "_wandb": {"runtime": 523}}