{"recall": 0.0757952158074317, "_timestamp": 1712259416.9326756, "_runtime": 431.9483165740967, "_step": 199, "ndcg": 0.07132914100233005, "precision": 0.04904801324503312, "map": 0.020165762509935427, "_wandb": {"runtime": 431}}