{"recall": 0.14401800097762404, "_timestamp": 1712465615.5395713, "_runtime": 491.0700113773346, "_step": 399, "ndcg": 0.1109026209376675, "precision": 0.06404801324503312, "map": 0.038494068454951375, "_wandb": {"runtime": 491}}