{"recall": 0.11835530650660975, "_timestamp": 1712172889.9274445, "_runtime": 264.4758183956146, "_step": 199, "ndcg": 0.10018502034027052, "precision": 0.06177152317880795, "map": 0.032708066169068864, "_wandb": {"runtime": 264}}