{"recall": 0.1317646179227706, "_timestamp": 1712237591.9881136, "_runtime": 852.4674336910248, "_step": 199, "ndcg": 0.10690351178003407, "precision": 0.06410596026490067, "map": 0.03582626543756948, "_wandb": {"runtime": 852}}