{"recall": 0.08680699029471872, "_timestamp": 1712429852.188651, "_runtime": 41075.149497032166, "_step": 199, "ndcg": 0.0810566688689815, "precision": 0.05371688741721855, "map": 0.02418257225291313, "_wandb": {"runtime": 41078}}