{"recall": 0.10205963499239823, "_timestamp": 1712182975.4033742, "_runtime": 229.58050513267517, "_step": 199, "ndcg": 0.09231557489147646, "precision": 0.05840231788079471, "map": 0.029311089979886434, "_wandb": {"runtime": 229}}