{"recall": 0.138216906310214, "_timestamp": 1712184397.169071, "_runtime": 430.88505697250366, "_step": 199, "ndcg": 0.1100460918727112, "precision": 0.06459437086092716, "map": 0.03775880730752796, "_wandb": {"runtime": 430}}