{"recall": 0.0840711095858533, "_timestamp": 1712247218.5947013, "_runtime": 472.365510225296, "_step": 199, "ndcg": 0.07988569574306632, "precision": 0.05283112582781457, "map": 0.023823881243297672, "_wandb": {"runtime": 472}}