{"recall": 0.0872646584996552, "_timestamp": 1712248177.7296228, "_runtime": 454.10682487487793, "_step": 199, "ndcg": 0.07196905674652926, "precision": 0.044569536423841066, "map": 0.02182560904920445, "_wandb": {"runtime": 454}}