{"recall": 0.10281273593791963, "_timestamp": 1712213772.6766894, "_runtime": 524.1169254779816, "_step": 199, "ndcg": 0.09303653235026525, "precision": 0.05899834437086093, "map": 0.029497708314921753, "_wandb": {"runtime": 524}}