{"recall": 0.08098680487346586, "_timestamp": 1712296825.64696, "_runtime": 15531.675336122513, "_step": 199, "ndcg": 0.07599130798122038, "precision": 0.05160596026490067, "map": 0.021543701700314027, "_wandb": {"runtime": 15532}}