{"recall": 0.13257493287697883, "_timestamp": 1712181711.0596654, "_runtime": 230.05775237083435, "_step": 199, "ndcg": 0.10625986422374313, "precision": 0.06294701986754968, "map": 0.03606619569694023, "_wandb": {"runtime": 230}}