{"recall": 0.08506192839892847, "_timestamp": 1712193242.0958467, "_runtime": 509.84890365600586, "_step": 199, "ndcg": 0.0802109648638259, "precision": 0.052955298013245035, "map": 0.02390627941812427, "_wandb": {"runtime": 509}}