{"recall": 0.10287848097065641, "_timestamp": 1712149754.623278, "_runtime": 208.0030620098114, "_step": 199, "ndcg": 0.0929527207482017, "precision": 0.05910596026490066, "map": 0.02946853746535945, "_wandb": {"runtime": 208}}