{"recall": 0.09190530974348016, "_timestamp": 1712153514.8171098, "_runtime": 345.436735868454, "_step": 199, "ndcg": 0.08625267180137071, "precision": 0.05583609271523179, "map": 0.026635515717526564, "_wandb": {"runtime": 345}}