{"recall": 0.1020692998750819, "_timestamp": 1712145747.8944256, "_runtime": 321.93922662734985, "_step": 199, "ndcg": 0.09190224548387384, "precision": 0.05847682119205299, "map": 0.028900129405315503, "_wandb": {"runtime": 321}}