{"recall": 0.09100627148054785, "_timestamp": 1712188820.972689, "_runtime": 283.7723898887634, "_step": 199, "ndcg": 0.08609906852867513, "precision": 0.055711920529801326, "map": 0.02674731362643675, "_wandb": {"runtime": 283}}