{"recall": 0.09829783738457502, "_timestamp": 1712353827.065334, "_runtime": 21438.62717604637, "_step": 199, "ndcg": 0.08779752115475101, "precision": 0.0565976821192053, "map": 0.02779121436327182, "_wandb": {"runtime": 21440}}