{"recall": 0.1398635843111011, "_timestamp": 1712214320.5817928, "_runtime": 524.8928189277649, "_step": 199, "ndcg": 0.11033698322522759, "precision": 0.06408112582781458, "map": 0.037997302704848676, "_wandb": {"runtime": 524}}