{"recall": 0.11747556947378314, "_timestamp": 1712136764.2039168, "_runtime": 266.8916606903076, "_step": 199, "ndcg": 0.09986962747850951, "precision": 0.061448675496688754, "map": 0.03271567598515395, "_wandb": {"runtime": 266}}