{"recall": 0.12280572226265356, "_timestamp": 1712143080.9794514, "_runtime": 204.35026049613953, "_step": 199, "ndcg": 0.09595282773037506, "precision": 0.05583609271523179, "map": 0.03204017108945161, "_wandb": {"runtime": 204}}