{"recall": 0.13325821943842864, "_timestamp": 1712204130.1992373, "_runtime": 367.45230436325073, "_step": 199, "ndcg": 0.10084741791520731, "precision": 0.05721854304635762, "map": 0.034175114214424485, "_wandb": {"runtime": 367}}