{"recall": 0.11991478544252497, "_timestamp": 1712170435.1531649, "_runtime": 246.8854479789734, "_step": 199, "ndcg": 0.10066080963027267, "precision": 0.0615314569536424, "map": 0.03334146305573227, "_wandb": {"runtime": 246}}