{"recall": 0.10310738100622838, "_timestamp": 1712221078.001526, "_runtime": 285.43035101890564, "_step": 199, "ndcg": 0.09310103427627636, "precision": 0.05886589403973511, "map": 0.029618503734037238, "_wandb": {"runtime": 285}}