{"recall": 0.11607584444922711, "_timestamp": 1712142852.2050083, "_runtime": 204.3781452178955, "_step": 199, "ndcg": 0.09824243485307545, "precision": 0.06023178807947021, "map": 0.032064614465684184, "_wandb": {"runtime": 204}}