{"recall": 0.09090344135060484, "_timestamp": 1712158520.0941873, "_runtime": 212.84616017341614, "_step": 199, "ndcg": 0.08597964992636986, "precision": 0.05567052980132451, "map": 0.026612513198192873, "_wandb": {"runtime": 212}}