{"recall": 0.12942629259027802, "_timestamp": 1712201887.7523482, "_runtime": 243.2268922328949, "_step": 199, "ndcg": 0.10542352403883452, "precision": 0.06341887417218545, "map": 0.035149211109093546, "_wandb": {"runtime": 243}}