{"recall": 0.12531983257084428, "_timestamp": 1712177459.9120307, "_runtime": 355.4585566520691, "_step": 199, "ndcg": 0.09782288506733092, "precision": 0.05524834437086094, "map": 0.03338259632986806, "_wandb": {"runtime": 355}}