{"recall": 0.08966602670769468, "_timestamp": 1712190616.033238, "_runtime": 238.77931094169617, "_step": 199, "ndcg": 0.08473203852216278, "precision": 0.05494205298013245, "map": 0.026041873053168504, "_wandb": {"runtime": 238}}