{"recall": 0.07479435820356103, "_timestamp": 1712432628.7543578, "_runtime": 2749.6825609207153, "_step": 199, "ndcg": 0.06990447735555326, "precision": 0.04814569536423841, "map": 0.01948032086372739, "_wandb": {"runtime": 2749}}