{"recall": 0.1365048124166907, "_timestamp": 1712207931.9712524, "_runtime": 270.97658252716064, "_step": 199, "ndcg": 0.10459817424259518, "precision": 0.06021523178807948, "map": 0.03590417750751192, "_wandb": {"runtime": 271}}