{"recall": 0.13752012014717593, "_timestamp": 1712168264.2682843, "_runtime": 291.10949540138245, "_step": 199, "ndcg": 0.10449193908577943, "precision": 0.0588907284768212, "map": 0.03580844333848162, "_wandb": {"runtime": 291}}