{"recall": 0.14280856860003419, "_timestamp": 1712136167.8702285, "_runtime": 136.1697564125061, "_step": 63, "ndcg": 0.10857830872472857, "precision": 0.06107615894039736, "map": 0.0379763457750404, "_wandb": {"runtime": 138}}