{"recall": 0.11108356530974897, "_timestamp": 1712187134.409184, "_runtime": 433.91340804100037, "_step": 199, "ndcg": 0.09197437511932341, "precision": 0.05615066225165564, "map": 0.02945400759740352, "_wandb": {"runtime": 433}}