{"recall": 0.08476474672473461, "_timestamp": 1712190354.952995, "_runtime": 284.50260400772095, "_step": 199, "ndcg": 0.06932094649618793, "precision": 0.04295529801324504, "map": 0.020999661888748234, "_wandb": {"runtime": 284}}