{"recall": 0.13646962892159226, "_timestamp": 1712168893.7404962, "_runtime": 292.27061319351196, "_step": 199, "ndcg": 0.1059551817444454, "precision": 0.06050496688741722, "map": 0.03649297093701436, "_wandb": {"runtime": 292}}