{"recall": 0.14697023233406156, "_timestamp": 1712249846.1379077, "_runtime": 256.2195417881012, "_step": 199, "ndcg": 0.11179760726702065, "precision": 0.06336092715231789, "map": 0.0393510994408475, "_wandb": {"runtime": 256}}