{"recall": 0.13392253889743228, "_timestamp": 1712202958.262648, "_runtime": 243.60941100120544, "_step": 199, "ndcg": 0.10434955066857247, "precision": 0.05951986754966888, "map": 0.0357964513836721, "_wandb": {"runtime": 243}}