{"recall": 0.11133145608011033, "_timestamp": 1712162330.443748, "_runtime": 349.29576206207275, "_step": 199, "ndcg": 0.08894788178647035, "precision": 0.0541225165562914, "map": 0.02789585817316355, "_wandb": {"runtime": 349}}