{"recall": 0.0847360583360708, "_timestamp": 1712183485.4031925, "_runtime": 230.87261247634888, "_step": 199, "ndcg": 0.07041130452963522, "precision": 0.04387417218543047, "map": 0.02096960890836673, "_wandb": {"runtime": 230}}