{"recall": 0.13220450379906032, "_timestamp": 1712204909.8237748, "_runtime": 367.4312107563019, "_step": 199, "ndcg": 0.10351708044823617, "precision": 0.059238410596026504, "map": 0.03533509303521805, "_wandb": {"runtime": 367}}