{"recall": 0.14354367347657684, "_timestamp": 1712180043.4169872, "_runtime": 265.9498972892761, "_step": 199, "ndcg": 0.10992718081007903, "precision": 0.06413907284768212, "map": 0.03788455771471123, "_wandb": {"runtime": 266}}