{"recall": 0.14520447304197756, "_timestamp": 1712210476.6847684, "_runtime": 253.2189314365387, "_step": 199, "ndcg": 0.11043180331441174, "precision": 0.06269039735099338, "map": 0.038665968520173594, "_wandb": {"runtime": 253}}