{"recall": 0.11819224135658417, "_timestamp": 1712196979.1845212, "_runtime": 510.62491822242737, "_step": 199, "ndcg": 0.09980236645495597, "precision": 0.06030629139072849, "map": 0.03302327211509784, "_wandb": {"runtime": 510}}