{"recall": 0.11564894693669246, "_timestamp": 1712201355.6353745, "_runtime": 241.42890763282776, "_step": 199, "ndcg": 0.09874003701298323, "precision": 0.060877483443708615, "map": 0.0325897874895836, "_wandb": {"runtime": 241}}