{"recall": 0.08039431709989678, "_timestamp": 1712205299.8866313, "_runtime": 367.6882722377777, "_step": 199, "ndcg": 0.06849723526075696, "precision": 0.04245033112582782, "map": 0.02058195182269808, "_wandb": {"runtime": 367}}