{"recall": 0.07981394973138295, "_timestamp": 1712172331.0494423, "_runtime": 247.3129153251648, "_step": 199, "ndcg": 0.06589589999585632, "precision": 0.0418543046357616, "map": 0.018961759804689754, "_wandb": {"runtime": 247}}