{"recall": 0.13307974294616332, "_timestamp": 1712137346.3249917, "_runtime": 268.39026165008545, "_step": 199, "ndcg": 0.10399982264541847, "precision": 0.05925496688741722, "map": 0.03625468197634636, "_wandb": {"runtime": 268}}