{"recall": 0.14738134915193088, "_timestamp": 1712170705.0937462, "_runtime": 246.9404420852661, "_step": 199, "ndcg": 0.11195108466129082, "precision": 0.0638658940397351, "map": 0.039498778230639936, "_wandb": {"runtime": 246}}