{"recall": 0.0809114712995381, "_timestamp": 1712170163.285133, "_runtime": 294.90296483039856, "_step": 199, "ndcg": 0.06839310746778425, "precision": 0.04203642384105961, "map": 0.020921446484785285, "_wandb": {"runtime": 294}}