{"recall": 0.12308957645595062, "_timestamp": 1712166589.8433523, "_runtime": 218.65857028961182, "_step": 199, "ndcg": 0.10256703006621876, "precision": 0.06206125827814571, "map": 0.034460328353766556, "_wandb": {"runtime": 218}}