{"recall": 0.1456988495962788, "_timestamp": 1712182470.3885367, "_runtime": 230.43677067756653, "_step": 199, "ndcg": 0.11245169989025032, "precision": 0.06456953642384107, "map": 0.039374754702788645, "_wandb": {"runtime": 230}}