{"recall": 0.1350711362265123, "_timestamp": 1712139577.0304132, "_runtime": 216.5641372203827, "_step": 199, "ndcg": 0.10637462253564547, "precision": 0.06163907284768213, "map": 0.03691993817615319, "_wandb": {"runtime": 216}}