{"recall": 0.11825468895798551, "_timestamp": 1712171791.3857994, "_runtime": 247.10727334022522, "_step": 199, "ndcg": 0.09174677157600179, "precision": 0.051531456953642384, "map": 0.031490116390576244, "_wandb": {"runtime": 247}}