{"recall": 0.13617971685373081, "_timestamp": 1712181964.9657106, "_runtime": 231.0329065322876, "_step": 199, "ndcg": 0.10670609686865172, "precision": 0.06245860927152318, "map": 0.03677837183571471, "_wandb": {"runtime": 231}}