{"recall": 0.08547328463000732, "_timestamp": 1712243729.8161156, "_runtime": 854.5301876068115, "_step": 199, "ndcg": 0.0702783348806517, "precision": 0.04438741721854305, "map": 0.020720096885559338, "_wandb": {"runtime": 854}}