{"recall": 0.12979369944777577, "_timestamp": 1712158283.91978, "_runtime": 214.5293960571289, "_step": 199, "ndcg": 0.10415320611634499, "precision": 0.062127483443708616, "map": 0.03534931341222866, "_wandb": {"runtime": 214}}