{"recall": 0.10276332149256234, "_timestamp": 1712180625.122111, "_runtime": 266.84305119514465, "_step": 199, "ndcg": 0.09232650480403608, "precision": 0.05905629139072848, "map": 0.02901778850469519, "_wandb": {"runtime": 266}}