{"recall": 0.08494368976945973, "_timestamp": 1712196444.0701535, "_runtime": 508.89519238471985, "_step": 199, "ndcg": 0.07997908474455859, "precision": 0.053004966887417224, "map": 0.023724235503149678, "_wandb": {"runtime": 508}}