{"recall": 0.07491052611509777, "_timestamp": 1712281271.1679885, "_runtime": 853.6069474220276, "_step": 199, "ndcg": 0.06983701026984698, "precision": 0.04810430463576159, "map": 0.019461779278723522, "_wandb": {"runtime": 853}}