{"recall": 0.08300017474999348, "_timestamp": 1712215967.717668, "_runtime": 527.3158481121063, "_step": 199, "ndcg": 0.06974505579516634, "precision": 0.0445860927152318, "map": 0.020167919434903064, "_wandb": {"runtime": 526}}