{"train_loss": 0.21629425396724633, "mf_loss": 0.18708807351637854, "emb_loss": 0.029206180270305093, "_timestamp": 1712122592.82097, "_runtime": 88.40519094467163, "_step": 4, "_wandb": {"runtime": 88}}