{"recall": 0.14698804697491027, "_timestamp": 1712167950.7472875, "_runtime": 292.48521757125854, "_step": 199, "ndcg": 0.1120471815912216, "precision": 0.06382450331125829, "map": 0.03900414786776531, "_wandb": {"runtime": 292}}