{"recall": 0.12233308173446371, "_timestamp": 1712148562.1514833, "_runtime": 241.27677941322327, "_step": 199, "ndcg": 0.0976508662078249, "precision": 0.058774834437086095, "map": 0.03206447764853801, "_wandb": {"runtime": 241}}