{"recall": 0.08483077850405073, "_timestamp": 1712229161.0067284, "_runtime": 697.5679244995117, "_step": 199, "ndcg": 0.07152237749830474, "precision": 0.044130794701986754, "map": 0.021948206675544885, "_wandb": {"runtime": 697}}