{"recall": 0.1469424829125563, "_timestamp": 1712221699.850058, "_runtime": 286.91094613075256, "_step": 199, "ndcg": 0.11018435125178405, "precision": 0.062350993377483455, "map": 0.03797694074314105, "_wandb": {"runtime": 286}}