{"recall": 0.08947957477392755, "_timestamp": 1712154548.962298, "_runtime": 265.74423003196716, "_step": 199, "ndcg": 0.08459684330723125, "precision": 0.05503311258278145, "map": 0.025910884545180493, "_wandb": {"runtime": 265}}