{"recall": 0.1023200670884466, "_timestamp": 1712222015.3582323, "_runtime": 289.90550231933594, "_step": 199, "ndcg": 0.09210738621710125, "precision": 0.058327814569536424, "map": 0.029117311446639923, "_wandb": {"runtime": 290}}