{"recall": 0.0842908630575329, "_timestamp": 1712200825.628373, "_runtime": 241.23941779136658, "_step": 199, "ndcg": 0.07978845995675904, "precision": 0.052781456953642385, "map": 0.023756670762696563, "_wandb": {"runtime": 241}}