{"recall": 0.13387848256137933, "_timestamp": 1712150218.4640174, "_runtime": 208.71629738807678, "_step": 199, "ndcg": 0.1043936602850211, "precision": 0.0611837748344371, "map": 0.03551162563860113, "_wandb": {"runtime": 208}}