{"recall": 0.13882908887682832, "_timestamp": 1712186223.8493385, "_runtime": 436.05454659461975, "_step": 199, "ndcg": 0.10547245685098817, "precision": 0.05975993377483445, "map": 0.03591621632330952, "_wandb": {"runtime": 436}}