{"recall": 0.07815488638412825, "_timestamp": 1712169844.4887083, "_runtime": 295.80306029319763, "_step": 199, "ndcg": 0.06651228820307745, "precision": 0.04262417218543047, "map": 0.019328643187515787, "_wandb": {"runtime": 295}}