{"recall": 0.14687595508340823, "_timestamp": 1712469812.8759427, "_runtime": 212.56145572662354, "_step": 199, "ndcg": 0.1115479705776826, "precision": 0.06278145695364239, "map": 0.039065436110247403, "_wandb": {"runtime": 212}}