{"recall": 0.09363079693725482, "_timestamp": 1712132463.4435298, "_runtime": 15.891556739807129, "_step": 7, "ndcg": 0.08566142269375648, "precision": 0.05538907284768213, "map": 0.026426693484066302}