{"recall": 0.07519071756906918, "_timestamp": 1712254168.3732278, "_runtime": 419.85928988456726, "_step": 199, "ndcg": 0.07058868983240338, "precision": 0.04830298013245033, "map": 0.019997535091482638, "_wandb": {"runtime": 419}}