{"recall": 0.12425210382954319, "_timestamp": 1712158046.3097208, "_runtime": 213.8012137413025, "_step": 199, "ndcg": 0.10335671235246885, "precision": 0.0625496688741722, "map": 0.03433023658339971, "_wandb": {"runtime": 213}}