{"recall": 0.14600360650961866, "_timestamp": 1712230463.0695703, "_runtime": 410.9346442222595, "_step": 199, "ndcg": 0.1111287881574592, "precision": 0.06277317880794703, "map": 0.03945601263776173, "_wandb": {"runtime": 411}}