{"recall": 0.12277282384402854, "_timestamp": 1712211305.6223109, "_runtime": 253.5506567955017, "_step": 199, "ndcg": 0.09690185600124934, "precision": 0.05619205298013247, "map": 0.03244331066041977, "_wandb": {"runtime": 253}}