{"recall": 0.11702255710449903, "_timestamp": 1712248734.67376, "_runtime": 255.09877490997314, "_step": 199, "ndcg": 0.100020388804418, "precision": 0.06187086092715233, "map": 0.03264422697521336, "_wandb": {"runtime": 255}}