{"recall": 0.07511139071064644, "_timestamp": 1712298005.3026466, "_runtime": 1155.693068742752, "_step": 199, "ndcg": 0.07015343222109108, "precision": 0.04839403973509935, "map": 0.01955893520104529, "_wandb": {"runtime": 1155}}