{"recall": 0.09179293898321172, "_timestamp": 1712152399.8546548, "_runtime": 345.72870087623596, "_step": 199, "ndcg": 0.08634106170663242, "precision": 0.05599337748344372, "map": 0.02677271082622519, "_wandb": {"runtime": 345}}