{"recall": 0.08540482821985922, "_timestamp": 1712239342.6607525, "_runtime": 848.7980105876923, "_step": 199, "ndcg": 0.08050677822165082, "precision": 0.05310430463576159, "map": 0.02408117277550078, "_wandb": {"runtime": 848}}