{"recall": 0.13373078427260682, "_timestamp": 1712192444.9032588, "_runtime": 240.50605177879333, "_step": 199, "ndcg": 0.1061640357475116, "precision": 0.06283940397350994, "map": 0.03592250472218946, "_wandb": {"runtime": 240}}