{"recall": 0.13792503096749587, "_timestamp": 1712137055.1167855, "_runtime": 268.0092816352844, "_step": 199, "ndcg": 0.10845790808355006, "precision": 0.06210264900662252, "map": 0.03794676750148235, "_wandb": {"runtime": 268}}