{"recall": 0.10310334773426447, "_timestamp": 1712143659.8966067, "_runtime": 325.54040360450745, "_step": 199, "ndcg": 0.09314081346229874, "precision": 0.05922185430463577, "map": 0.02949022049904745, "_wandb": {"runtime": 325}}