{"recall": 0.11291935860597736, "_timestamp": 1712163267.9034317, "_runtime": 288.37214159965515, "_step": 199, "ndcg": 0.09723702545033909, "precision": 0.06023178807947021, "map": 0.031979402053145714, "_wandb": {"runtime": 288}}