{"recall": 0.11905793871686009, "_timestamp": 1712137637.2464745, "_runtime": 268.37169551849365, "_step": 199, "ndcg": 0.10052678068033366, "precision": 0.0615066225165563, "map": 0.0331475350175759, "_wandb": {"runtime": 268}}