{"recall": 0.1382694685225189, "_timestamp": 1712198526.856829, "_runtime": 316.0825939178467, "_step": 199, "ndcg": 0.10778057993521711, "precision": 0.06225165562913907, "map": 0.0373704095349852, "_wandb": {"runtime": 316}}