{"recall": 0.07489167652025291, "_timestamp": 1712355374.440134, "_runtime": 1521.8808250427246, "_step": 199, "ndcg": 0.06993584020830464, "precision": 0.04812913907284769, "map": 0.0194606544086569, "_wandb": {"runtime": 1521}}