{"recall": 0.13954426078939275, "_timestamp": 1712234617.8146017, "_runtime": 282.5208537578583, "_step": 199, "ndcg": 0.10965220918725224, "precision": 0.0643543046357616, "map": 0.03763453006382089, "_wandb": {"runtime": 282}}