{"recall": 0.09209690902092056, "_timestamp": 1712141263.608687, "_runtime": 217.2034568786621, "_step": 199, "ndcg": 0.07399195132433847, "precision": 0.044602649006622516, "map": 0.023012989336280747, "_wandb": {"runtime": 217}}