{"recall": 0.103491234899965, "_timestamp": 1712220143.780235, "_runtime": 287.2444291114807, "_step": 199, "ndcg": 0.09315444538334858, "precision": 0.059213576158940406, "map": 0.029527541382949628, "_wandb": {"runtime": 287}}