{"recall": 0.1075159843273246, "_timestamp": 1712219456.137866, "_runtime": 349.0779469013214, "_step": 199, "ndcg": 0.08649389607891327, "precision": 0.05298013245033113, "map": 0.02723304020021172, "_wandb": {"runtime": 349}}