{"recall": 0.07460565163568081, "_timestamp": 1712262245.4905162, "_runtime": 2802.3279502391815, "_step": 199, "ndcg": 0.06972578833088561, "precision": 0.048004966887417226, "map": 0.019426555085328073, "_wandb": {"runtime": 2802}}