{"recall": 0.1048968201731373, "_timestamp": 1712235834.6005273, "_runtime": 276.35592222213745, "_step": 199, "ndcg": 0.08454056659356432, "precision": 0.04849337748344371, "map": 0.028104255262719473, "_wandb": {"runtime": 276}}