{"recall": 0.11887412214855894, "_timestamp": 1712138220.9737236, "_runtime": 269.5791916847229, "_step": 199, "ndcg": 0.09350389642592434, "precision": 0.05516556291390729, "map": 0.030730983804942304, "_wandb": {"runtime": 269}}