{"recall": 0.13116245918601957, "_timestamp": 1712167319.2237794, "_runtime": 218.50500750541687, "_step": 199, "ndcg": 0.10220949175777569, "precision": 0.05875000000000001, "map": 0.0346802241033514, "_wandb": {"runtime": 218}}