{"recall": 0.14166277193166743, "_timestamp": 1712218332.1008725, "_runtime": 351.3803725242615, "_step": 199, "ndcg": 0.10913160973421385, "precision": 0.06366721854304636, "map": 0.037615283311012535, "_wandb": {"runtime": 351}}