{"recall": 0.14154889673771154, "_timestamp": 1712179174.6634042, "_runtime": 266.03747034072876, "_step": 199, "ndcg": 0.11077317570582135, "precision": 0.06375000000000001, "map": 0.038901522100024614, "_wandb": {"runtime": 265}}