{"recall": 0.13870995297352803, "_timestamp": 1712174350.943662, "_runtime": 256.6807470321655, "_step": 199, "ndcg": 0.1055290036886761, "precision": 0.05956953642384107, "map": 0.03650491492003815, "_wandb": {"runtime": 256}}