{"recall": 0.1308245753100414, "_timestamp": 1712222327.5944512, "_runtime": 287.71361017227173, "_step": 199, "ndcg": 0.10346210209286277, "precision": 0.06033940397350994, "map": 0.035217410712393184, "_wandb": {"runtime": 287}}