{"recall": 0.1332408850797038, "_timestamp": 1712155698.9069352, "_runtime": 265.46079325675964, "_step": 199, "ndcg": 0.10689430948707156, "precision": 0.06329470198675498, "map": 0.03647541918245055, "_wandb": {"runtime": 265}}