{"recall": 0.1012884775460372, "_timestamp": 1712141023.881272, "_runtime": 219.25923013687134, "_step": 199, "ndcg": 0.08264553729369283, "precision": 0.05050496688741722, "map": 0.02588559546252498, "_wandb": {"runtime": 219}}