{"recall": 0.0843763245174589, "_timestamp": 1712166106.2225113, "_runtime": 219.87287020683289, "_step": 199, "ndcg": 0.0797306088355631, "precision": 0.052731788079470196, "map": 0.02370790262361671, "_wandb": {"runtime": 219}}