{"recall": 0.11875924258810053, "_timestamp": 1712141714.0092573, "_runtime": 202.1672432422638, "_step": 199, "ndcg": 0.10025087679693466, "precision": 0.06113410596026491, "map": 0.03341656148238626, "_wandb": {"runtime": 202}}