{"recall": 0.10390073809877176, "_timestamp": 1712175563.949337, "_runtime": 354.21552991867065, "_step": 199, "ndcg": 0.09332261992131687, "precision": 0.05927980132450332, "map": 0.029526530339279128, "_wandb": {"runtime": 354}}