{"recall": 0.09120452149288219, "_timestamp": 1712225540.0097024, "_runtime": 698.509952545166, "_step": 199, "ndcg": 0.08609785509744466, "precision": 0.055678807947019876, "map": 0.02672964219999845, "_wandb": {"runtime": 698}}