{"recall": 0.0813021190543331, "_timestamp": 1712211582.312196, "_runtime": 253.40905904769897, "_step": 199, "ndcg": 0.06781560444446928, "precision": 0.04170529801324504, "map": 0.02071511890958732, "_wandb": {"runtime": 253}}