{"recall": 0.1302262707642223, "_timestamp": 1712240218.6229308, "_runtime": 851.240318775177, "_step": 199, "ndcg": 0.10649750860037888, "precision": 0.06375000000000001, "map": 0.035865332680741366, "_wandb": {"runtime": 851}}