{"recall": 0.14411648950049674, "_timestamp": 1712217216.3411095, "_runtime": 326.39432740211487, "_step": 199, "ndcg": 0.11136451947901146, "precision": 0.06418046357615896, "map": 0.039040929443254054, "_wandb": {"runtime": 326}}