{"recall": 0.07467141192072917, "_timestamp": 1712258961.131016, "_runtime": 2364.6577019691467, "_step": 199, "ndcg": 0.06972177591801837, "precision": 0.04806291390728478, "map": 0.019395830906552607, "_wandb": {"runtime": 2364}}