{"recall": 0.11910167495022735, "_timestamp": 1712209376.5282996, "_runtime": 252.11837768554688, "_step": 199, "ndcg": 0.10031996708436978, "precision": 0.06163079470198676, "map": 0.03277460516948181, "_wandb": {"runtime": 252}}