{"recall": 0.12468289513474212, "_timestamp": 1712190045.596294, "_runtime": 283.63967394828796, "_step": 199, "ndcg": 0.10061007657431512, "precision": 0.060653973509933776, "map": 0.03323395738491041, "_wandb": {"runtime": 283}}