{"recall": 0.09890265555962795, "_timestamp": 1712268982.4016364, "_runtime": 6228.957683324814, "_step": 199, "ndcg": 0.08826536370392271, "precision": 0.056738410596026495, "map": 0.027945920657117523, "_wandb": {"runtime": 6229}}