{"recall": 0.14910641091356563, "_timestamp": 1712209925.5128279, "_runtime": 252.2790138721466, "_step": 199, "ndcg": 0.1120618723456341, "precision": 0.06283112582781458, "map": 0.039735330698699035, "_wandb": {"runtime": 252}}