{"recall": 0.14748506123067512, "_timestamp": 1712224816.8806016, "_runtime": 700.8838186264038, "_step": 199, "ndcg": 0.11158455822298755, "precision": 0.06306291390728477, "map": 0.038795077477421495, "_wandb": {"runtime": 701}}