{"recall": 0.13543902978092295, "_timestamp": 1712234003.363462, "_runtime": 283.08691000938416, "_step": 199, "ndcg": 0.1066252240729899, "precision": 0.06270695364238411, "map": 0.03659576192441881, "_wandb": {"runtime": 283}}