{"recall": 0.13553182902830402, "_timestamp": 1712150682.4289556, "_runtime": 208.93813562393188, "_step": 199, "ndcg": 0.10567792846206768, "precision": 0.061365894039735115, "map": 0.03614057964845594, "_wandb": {"runtime": 208}}