{"recall": 0.09128986890789587, "_timestamp": 1712234309.9001436, "_runtime": 280.9965715408325, "_step": 199, "ndcg": 0.08606354945003789, "precision": 0.055662251655629144, "map": 0.026678053481042654, "_wandb": {"runtime": 281}}