{"recall": 0.1162627386283766, "_timestamp": 1712139337.1674373, "_runtime": 216.46325731277466, "_step": 199, "ndcg": 0.0993372887463401, "precision": 0.06134105960264902, "map": 0.0325341637863511, "_wandb": {"runtime": 216}}