{"recall": 0.12890452664225388, "_timestamp": 1712250407.912305, "_runtime": 255.3933310508728, "_step": 199, "ndcg": 0.10421933872433634, "precision": 0.06261589403973511, "map": 0.03462522005661122, "_wandb": {"runtime": 255}}