{"recall": 0.10736322947345847, "_timestamp": 1712162956.2087975, "_runtime": 287.95396852493286, "_step": 199, "ndcg": 0.09523126597670693, "precision": 0.060347682119205305, "map": 0.0304086504816912, "_wandb": {"runtime": 287}}