{"recall": 0.09410071439520407, "_timestamp": 1712148832.6886637, "_runtime": 247.9047248363495, "_step": 199, "ndcg": 0.07721575814874923, "precision": 0.04653145695364239, "map": 0.024331112588604507, "_wandb": {"runtime": 247}}