{"recall": 0.10907026960685129, "_timestamp": 1712146098.540538, "_runtime": 326.6662690639496, "_step": 199, "ndcg": 0.09026307548503752, "precision": 0.05449503311258279, "map": 0.028962727753134368, "_wandb": {"runtime": 326}}