{"recall": 0.14315829264721844, "_timestamp": 1712188512.2551455, "_runtime": 282.92983961105347, "_step": 199, "ndcg": 0.10978305283307588, "precision": 0.062417218543046375, "map": 0.03876124262141195, "_wandb": {"runtime": 282}}