{"recall": 0.10305456441816958, "_timestamp": 1712179753.9005904, "_runtime": 265.31961941719055, "_step": 199, "ndcg": 0.09263438376116866, "precision": 0.05899834437086093, "map": 0.029219802833745777, "_wandb": {"runtime": 265}}