{"recall": 0.0795138814471693, "_timestamp": 1712165623.184743, "_runtime": 216.73200488090515, "_step": 199, "ndcg": 0.07396575711196042, "precision": 0.05076158940397352, "map": 0.020678230230960343, "_wandb": {"runtime": 216}}