{"recall": 0.08505694307779656, "_timestamp": 1712241972.7603815, "_runtime": 852.7370793819427, "_step": 199, "ndcg": 0.0801305674883011, "precision": 0.05316225165562914, "map": 0.02376585088910293, "_wandb": {"runtime": 852}}