{"recall": 0.06614459524685128, "_timestamp": 1712169525.871972, "_runtime": 293.9613959789276, "_step": 199, "ndcg": 0.05832231209419128, "precision": 0.038650662251655636, "map": 0.016464656002650565, "_wandb": {"runtime": 294}}