{"recall": 0.09008347508303743, "_timestamp": 1712139097.080613, "_runtime": 268.08898401260376, "_step": 199, "ndcg": 0.07387504735429298, "precision": 0.0454635761589404, "map": 0.02239294715034476, "_wandb": {"runtime": 268}}