{"recall": 0.08442257781683289, "_timestamp": 1712159371.6329072, "_runtime": 351.50644421577454, "_step": 199, "ndcg": 0.07987957104891415, "precision": 0.052740066225165576, "map": 0.023855464722384534, "_wandb": {"runtime": 351}}