{"recall": 0.11996648951928797, "_timestamp": 1712206761.1029334, "_runtime": 267.46371841430664, "_step": 199, "ndcg": 0.10059947089534295, "precision": 0.061581125827814574, "map": 0.03323682315313877, "_wandb": {"runtime": 267}}