{"recall": 0.14335836106771085, "_timestamp": 1712173163.7472115, "_runtime": 249.4998755455017, "_step": 199, "ndcg": 0.11076562454563457, "precision": 0.06346854304635761, "map": 0.038948097614827856, "_wandb": {"runtime": 249}}