{"recall": 0.13863483545787475, "_timestamp": 1712142394.3378844, "_runtime": 204.2840554714203, "_step": 199, "ndcg": 0.10721440615408304, "precision": 0.06186258278145696, "map": 0.03696774414205819, "_wandb": {"runtime": 204}}