{"recall": 0.14521136852486072, "_timestamp": 1712170973.145014, "_runtime": 245.19813299179077, "_step": 199, "ndcg": 0.10925380490349358, "precision": 0.06157284768211921, "map": 0.03847068574691299, "_wandb": {"runtime": 245}}