{"recall": 0.14571892208059636, "_timestamp": 1712136008.0037088, "_runtime": 265.29251194000244, "_step": 159, "ndcg": 0.11122011799773218, "precision": 0.06297185430463577, "map": 0.03906565768143428, "_wandb": {"runtime": 265}}