{"recall": 0.14534163657348223, "_timestamp": 1712176322.732808, "_runtime": 354.92336320877075, "_step": 199, "ndcg": 0.10988007527715701, "precision": 0.06166390728476822, "map": 0.03826276056727363, "_wandb": {"runtime": 354}}