{"recall": 0.08416176036632152, "_timestamp": 1712198865.8436396, "_runtime": 314.14137172698975, "_step": 199, "ndcg": 0.08000622050186879, "precision": 0.052855960264900664, "map": 0.02385703987977703, "_wandb": {"runtime": 313}}