{"recall": 0.10321034517230375, "_timestamp": 1712181457.9331744, "_runtime": 229.69786143302917, "_step": 199, "ndcg": 0.09289402266337547, "precision": 0.05918046357615895, "map": 0.029388515460748162, "_wandb": {"runtime": 229}}