{"recall": 0.1453413608249703, "_timestamp": 1712194308.0076363, "_runtime": 510.39241433143616, "_step": 199, "ndcg": 0.11160494416131089, "precision": 0.06297185430463577, "map": 0.03948899486776692, "_wandb": {"runtime": 510}}