{"recall": 0.08490343495180308, "_timestamp": 1712233077.9838603, "_runtime": 418.7630662918091, "_step": 199, "ndcg": 0.0715372296501969, "precision": 0.043799668874172186, "map": 0.021914186955078303, "_wandb": {"runtime": 418}}