{"recall": 0.09729148511865554, "_timestamp": 1712180914.825155, "_runtime": 266.5780749320984, "_step": 199, "ndcg": 0.0792353912519757, "precision": 0.048352649006622526, "map": 0.024695780810654884, "_wandb": {"runtime": 266}}