{"recall": 0.07439557072581675, "_timestamp": 1712256114.6310816, "_runtime": 1920.7372596263885, "_step": 199, "ndcg": 0.0694746474200061, "precision": 0.04788907284768212, "map": 0.01925202156206995, "_wandb": {"runtime": 1920}}