{"recall": 0.12933176986354755, "_timestamp": 1712244724.9236937, "_runtime": 473.5612885951996, "_step": 199, "ndcg": 0.10565313740905846, "precision": 0.063476821192053, "map": 0.035542423506286926, "_wandb": {"runtime": 473}}