{"recall": 0.14748543951635298, "_timestamp": 1712174072.135514, "_runtime": 258.62129497528076, "_step": 199, "ndcg": 0.11206765398098627, "precision": 0.06356788079470199, "map": 0.039548447199405964, "_wandb": {"runtime": 258}}