{"recall": 0.10804876160216172, "_timestamp": 1712156860.7895617, "_runtime": 268.7497477531433, "_step": 199, "ndcg": 0.08648095078115403, "precision": 0.0519701986754967, "map": 0.027557680437744998, "_wandb": {"runtime": 268}}