{"recall": 0.09125265936060363, "_timestamp": 1712187898.0441022, "_runtime": 283.5637412071228, "_step": 199, "ndcg": 0.0862509158474992, "precision": 0.05575331125827815, "map": 0.026797179140592604, "_wandb": {"runtime": 283}}