{"recall": 0.11638217982241103, "_timestamp": 1712154837.3587818, "_runtime": 265.3661859035492, "_step": 199, "ndcg": 0.09946572496009506, "precision": 0.06134933774834438, "map": 0.03266379798864906, "_wandb": {"runtime": 265}}