{"recall": 0.07637569312406438, "_timestamp": 1712209100.7885292, "_runtime": 267.14267110824585, "_step": 199, "ndcg": 0.0652060368330099, "precision": 0.04086920529801325, "map": 0.019237571716061035, "_wandb": {"runtime": 267}}