{"recall": 0.11911871139235307, "_timestamp": 1712190878.621008, "_runtime": 239.38648200035095, "_step": 199, "ndcg": 0.10073599797495816, "precision": 0.0619453642384106, "map": 0.033152671617463624, "_wandb": {"runtime": 239}}