{"recall": 0.11849387894017989, "_timestamp": 1712165142.9065316, "_runtime": 290.6502366065979, "_step": 199, "ndcg": 0.09273818123405862, "precision": 0.055471854304635776, "map": 0.029802649421175526, "_wandb": {"runtime": 290}}