{"recall": 0.1368503656282556, "_timestamp": 1712189127.573575, "_runtime": 284.37423300743103, "_step": 199, "ndcg": 0.10818833914644532, "precision": 0.06379966887417218, "map": 0.03702997066896577, "_wandb": {"runtime": 284}}