{"recall": 0.09197959188938139, "_timestamp": 1712183943.2856507, "_runtime": 434.99450278282166, "_step": 199, "ndcg": 0.08631406782408341, "precision": 0.05599337748344372, "map": 0.026755301607871235, "_wandb": {"runtime": 434}}