{"recall": 0.14316557840004523, "_timestamp": 1712189434.6126568, "_runtime": 284.3363678455353, "_step": 199, "ndcg": 0.1078094049203643, "precision": 0.061473509933774845, "map": 0.037368555757327906, "_wandb": {"runtime": 284}}