{"recall": 0.08519182652777257, "_timestamp": 1712161582.5329978, "_runtime": 348.45957374572754, "_step": 199, "ndcg": 0.08023283708083877, "precision": 0.05307119205298014, "map": 0.023859308295602764, "_wandb": {"runtime": 348}}