{"recall": 0.08469556959556578, "_timestamp": 1712249289.3888016, "_runtime": 254.69774866104126, "_step": 199, "ndcg": 0.07994939674238515, "precision": 0.05266556291390729, "map": 0.02384177905606829, "_wandb": {"runtime": 254}}