{"recall": 0.13422724920958146, "_timestamp": 1712142624.7158377, "_runtime": 204.60151982307434, "_step": 199, "ndcg": 0.10273810465934277, "precision": 0.05925496688741722, "map": 0.03502353660478102, "_wandb": {"runtime": 204}}