{"recall": 0.14748788991253065, "_timestamp": 1712209650.700524, "_runtime": 251.44183206558228, "_step": 199, "ndcg": 0.11269132542131549, "precision": 0.06407284768211921, "map": 0.03962497143891246, "_wandb": {"runtime": 251}}