{"recall": 0.09120445999653008, "_timestamp": 1712156277.9397454, "_runtime": 264.7503774166107, "_step": 199, "ndcg": 0.08602744286374553, "precision": 0.05557119205298014, "map": 0.02672270328011141, "_wandb": {"runtime": 264}}