{"recall": 0.09176819076175291, "_timestamp": 1712232195.3475375, "_runtime": 406.60522651672363, "_step": 199, "ndcg": 0.08631194727507717, "precision": 0.05581125827814571, "map": 0.026729532697610348, "_wandb": {"runtime": 406}}