{"recall": 0.12714617876744203, "_timestamp": 1712191140.5383267, "_runtime": 239.39882063865662, "_step": 199, "ndcg": 0.10409777402064177, "precision": 0.06229304635761591, "map": 0.035376654197470735, "_wandb": {"runtime": 238}}