{"recall": 0.14217937455189245, "_timestamp": 1712207345.3098366, "_runtime": 268.9322805404663, "_step": 199, "ndcg": 0.10668379054668976, "precision": 0.05966887417218544, "map": 0.03734204343722989, "_wandb": {"runtime": 268}}