{"recall": 0.10776454379564929, "_timestamp": 1712201091.2319453, "_runtime": 242.9551603794098, "_step": 199, "ndcg": 0.09568603183797662, "precision": 0.06022350993377484, "map": 0.030857569683731344, "_wandb": {"runtime": 243}}