{"recall": 0.12158049580027362, "_timestamp": 1712155124.568833, "_runtime": 264.7716979980469, "_step": 199, "ndcg": 0.10150892926263873, "precision": 0.06134933774834438, "map": 0.034204257950952555, "_wandb": {"runtime": 264}}