{"recall": 0.1364627278374472, "_timestamp": 1712185762.3094573, "_runtime": 434.4887042045593, "_step": 199, "ndcg": 0.10896458714260462, "precision": 0.06428807947019868, "map": 0.03723280940619743, "_wandb": {"runtime": 434}}