{"recall": 0.12786809554733825, "_timestamp": 1712249012.2179337, "_runtime": 254.43235158920288, "_step": 199, "ndcg": 0.10420781549583817, "precision": 0.06249172185430464, "map": 0.03519463961355682, "_wandb": {"runtime": 254}}