{"recall": 0.1453859320215864, "_timestamp": 1712182723.0908747, "_runtime": 230.3401255607605, "_step": 199, "ndcg": 0.10937754885559699, "precision": 0.06146523178807948, "map": 0.03807579377988525, "_wandb": {"runtime": 230}}