{"recall": 0.11038519299337692, "_timestamp": 1712208517.6894834, "_runtime": 267.989262342453, "_step": 199, "ndcg": 0.09474686140038019, "precision": 0.05915562913907285, "map": 0.03059725052999524, "_wandb": {"runtime": 267}}