{"recall": 0.10259201538445713, "_timestamp": 1712219081.6074393, "_runtime": 349.22567319869995, "_step": 199, "ndcg": 0.09219195838395607, "precision": 0.05883278145695365, "map": 0.028995059154786847, "_wandb": {"runtime": 349}}