{"recall": 0.12771407104689386, "_timestamp": 1712146975.9118426, "_runtime": 241.13898754119873, "_step": 199, "ndcg": 0.10437716440535541, "precision": 0.06250000000000001, "map": 0.03529178163960508, "_wandb": {"runtime": 241}}