{"recall": 0.10387418701476944, "_timestamp": 1712144703.814844, "_runtime": 324.4032688140869, "_step": 199, "ndcg": 0.093321906241423, "precision": 0.05927152317880795, "map": 0.029556927457357718, "_wandb": {"runtime": 324}}