{"recall": 0.12660732875917136, "_timestamp": 1712164829.7524743, "_runtime": 289.3627133369446, "_step": 199, "ndcg": 0.10354782194393138, "precision": 0.06280629139072849, "map": 0.03450458025239084, "_wandb": {"runtime": 289}}