{"recall": 0.09078233151358034, "_timestamp": 1712233386.4653075, "_runtime": 283.72550654411316, "_step": 199, "ndcg": 0.08542889636595988, "precision": 0.05554635761589405, "map": 0.02624251379690793, "_wandb": {"runtime": 283}}